{"cameraMode":{"drawMode":0,"name":"Shaded","section":"Shading Mode"},"sceneLighting":false,"audioPlay":false,"sceneViewState":{"showFog":true,"showMaterialUpdate":false,"showSkybox":true,"showFlares":true,"showImageEffects":true,"showParticleSystems":true},"in2DMode":false,"pivot":{"x":0.1495305746793747,"y":0.45321643352508547,"z":0.15684977173805238},"rotation":{"x":-0.07272917032241821,"y":-0.8896737694740295,"z":0.15254446864128114,"w":-0.42417120933532717},"size":2.1674587726593019,"orthographic":false}