{"cameraMode":{"drawMode":0,"name":"Shaded","section":"Shading Mode"},"sceneLighting":true,"audioPlay":false,"sceneViewState":{"showFog":true,"showMaterialUpdate":false,"showSkybox":true,"showFlares":true,"showImageEffects":true,"showParticleSystems":true},"in2DMode":false,"pivot":{"x":-14.887794494628907,"y":1.6638107299804688,"z":17.274356842041017},"rotation":{"x":-0.24605658650398255,"y":0.712074875831604,"z":-0.2992246150970459,"w":-0.5855512022972107},"size":159.9169921875,"orthographic":false}