{"cameraMode":{"drawMode":0,"name":"Shaded","section":"Shading Mode"},"sceneLighting":false,"audioPlay":false,"sceneViewState":{"showFog":true,"showMaterialUpdate":false,"showSkybox":true,"showFlares":true,"showImageEffects":true,"showParticleSystems":true},"in2DMode":false,"pivot":{"x":-0.4018020033836365,"y":0.0802147388458252,"z":-0.13897526264190675},"rotation":{"x":-0.037134889513254169,"y":0.8649969696998596,"z":-0.496195912361145,"w":-0.06473696231842041},"size":3.0865044593811037,"orthographic":false}