{"cameraMode":{"drawMode":0,"name":"Shaded","section":"Shading Mode"},"sceneLighting":false,"audioPlay":false,"sceneViewState":{"showFog":true,"showMaterialUpdate":false,"showSkybox":true,"showFlares":true,"showImageEffects":true,"showParticleSystems":true},"in2DMode":false,"pivot":{"x":-0.013775535859167576,"y":-0.09638175368309021,"z":-0.19167372584342957},"rotation":{"x":-0.10117543488740921,"y":-0.8922672271728516,"z":0.2486819624900818,"w":-0.36301514506340029},"size":1.4007041454315186,"orthographic":false}